{
    "root_group": {
        "groups": {},
        "checks": {},
        "name": "",
        "path": "",
        "id": "d41d8cd98f00b204e9800998ecf8427e"
    },
    "metrics": {
        "data_received": {
            "count": 118555,
            "rate": 142794.85502507086
        },
        "iteration_duration": {
            "avg": 671.592427,
            "min": 523.124625,
            "med": 666.6022085,
            "max": 830.040666,
            "p(90)": 798.0309414,
            "p(95)": 814.0358037
        },
        "http_reqs": {
            "rate": 19.2713734587418,
            "count": 16
        },
        "success": {
            "count": 3,
            "rate": 3.613382523514087
        },
        "http_req_blocked": {
            "max": 0.74,
            "p(90)": 0.7305,
            "p(95)": 0.73325,
            "avg": 0.1859374999999999,
            "min": 0.001,
            "med": 0.002
        },
        "http_req_receiving": {
            "med": 0.3625,
            "max": 1.536,
            "p(90)": 1.2165,
            "p(95)": 1.3447499999999997,
            "avg": 0.5081875,
            "min": 0.022
        },
        "http_req_duration": {
            "p(95)": 380.5539999999999,
            "avg": 166.81675,
            "min": 6.505,
            "med": 101.517,
            "max": 464.605,
            "p(90)": 334.805
        },
        "http_req_sending": {
            "p(90)": 0.115,
            "p(95)": 0.14274999999999993,
            "avg": 0.046125000000000006,
            "min": 0.004,
            "med": 0.0095,
            "max": 0.205
        },
        "http_req_failed": {
            "passes": 1,
            "fails": 15,
            "value": 0.0625
        },
        "stock_out": {
            "count": 1,
            "rate": 1.2044608411713624
        },
        "http_req_waiting": {
            "med": 100.55250000000001,
            "max": 464.29,
            "p(90)": 334.62550000000005,
            "p(95)": 380.22849999999994,
            "avg": 166.2624375,
            "min": 6.017
        },
        "data_sent": {
            "count": 3420,
            "rate": 4119.256076806059
        },
        "http_req_duration{expected_response:true}": {
            "p(95)": 386.15739999999994,
            "avg": 161.608,
            "min": 6.505,
            "med": 48.2,
            "max": 464.605,
            "p(90)": 338.3514
        },
        "iterations": {
            "count": 4,
            "rate": 4.81784336468545
        },
        "http_req_connecting": {
            "avg": 0.08349999999999999,
            "min": 0,
            "med": 0,
            "max": 0.377,
            "p(90)": 0.342,
            "p(95)": 0.356
        },
        "http_req_tls_handshaking": {
            "med": 0,
            "max": 0,
            "p(90)": 0,
            "p(95)": 0,
            "avg": 0,
            "min": 0
        }
    }
}